depot_id,customers,vehicles,exact_dist_km,hq_dist_km,annealed_turing_dist_km,fast_turing_dist_km,ga_dist_km,qpso_dist_km,exact_time_s,hq_time_s,annealed_turing_time_s,fast_turing_time_s,ga_time_s,qpso_time_s,violations
1,37,3,10.98,10.94,14.02,15.4,14.46,16.61,1.1661393642425537,0.3314223289489746,0.3013267517089844,0.04848194122314453,0.057822465896606445,0.10246443748474121,0
3,1,1,1.77,1.77,1.77,1.77,1.77,1.77,0.0,0.0,0.0,0.002998828887939453,0.0,0.0,0
4,2,1,1.6,1.6,1.6,1.6,1.6,1.6,1.0009710788726807,0.006774187088012695,0.0010139942169189453,0.005439281463623047,0.0,0.01668548583984375,0
5,6,1,2.95,2.95,2.95,2.95,2.99,2.95,1.0027062892913818,0.03112936019897461,0.0,0.015813112258911133,0.005233049392700195,0.013671636581420898,0
6,18,2,6.32,6.37,6.37,7.4,9.03,9.33,1.004296064376831,0.31826257705688477,0.14918756484985352,0.05466103553771973,0.02501654624938965,0.03537249565124512,0
7,7,1,3.16,3.16,3.16,3.2,3.32,3.29,1.0072007179260254,0.06748175621032715,0.016419172286987305,0.0003070831298828125,0.016100406646728516,0.016321897506713867,0
8,3,1,7.13,7.13,7.13,7.13,7.13,7.13,0.9929609298706055,0.0049970149993896484,0.0009989738464355469,0.0030019283294677734,0.007998228073120117,0.03556656837463379,0
9,10,1,8.05,8.05,9.59,9.11,8.77,20.03,0.9990987777709961,0.07568001747131348,0.016376733779907227,0.016954660415649414,0.0017881393432617188,0.03153586387634277,0
10,1,1,0.35,0.35,0.35,0.35,0.35,0.35,0.0,0.0,0.0,0.0029997825622558594,0.0,0.0,0
11,7,1,6.81,6.81,6.81,6.83,6.87,6.93,1.0020036697387695,0.0774543285369873,0.01522064208984375,0.012095212936401367,0.012579679489135742,0.00513458251953125,0
12,6,1,3.79,3.79,3.79,3.79,3.82,3.82,1.0028338432312012,0.039638519287109375,0.013211965560913086,0.012789487838745117,0.014162778854370117,0.023606300354003906,0
14,1,1,4.01,4.01,4.01,4.01,4.01,4.01,0.0,0.0,0.0,0.0009996891021728516,0.0,0.0,0
15,10,1,5.51,7.38,5.71,6.47,5.7,8.18,1.0154492855072021,0.05010843276977539,0.0,0.01670050621032715,0.01642465591430664,0.01847243309020996,0
16,13,1,5.68,5.68,5.77,5.78,7.42,6.88,1.0019736289978027,0.14469313621520996,0.013671159744262695,0.031084775924682617,0.01570296287536621,0.02751302719116211,0
17,12,1,6.05,6.05,6.05,6.11,7.74,7.65,1.0037906169891357,0.1977827548980713,0.02599334716796875,0.015338897705078125,0.016630887985229492,0.033857107162475586,0
19,6,1,3.22,3.22,3.22,3.22,3.87,3.22,1.015080451965332,0.04024338722229004,0.0021190643310546875,0.0,0.007104158401489258,0.011524200439453125,0
20,8,1,2.85,2.85,2.85,3.13,3.65,3.6,1.0001769065856934,0.06418991088867188,0.013223886489868164,0.012001514434814453,0.01640629768371582,0.0166168212890625,0
21,24,2,12.64,12.64,13.27,16.29,15.36,13.54,1.000117540359497,0.3152272701263428,0.30179381370544434,0.06612420082092285,0.022081375122070312,0.06099343299865723,0
22,6,1,2.59,2.59,2.59,2.66,2.66,2.66,1.002887487411499,0.04973602294921875,0.0,0.0165863037109375,0.007024049758911133,0.010848522186279297,0
24,2,1,19.1,19.1,19.1,19.1,19.1,19.1,1.002397060394287,0.002995729446411133,0.0010027885437011719,0.004994869232177734,0.0,0.03299832344055176,0
25,7,1,5.03,5.03,5.03,5.05,5.65,5.03,1.0025031566619873,0.06562519073486328,0.013557195663452148,0.016612529754638672,0.004014253616333008,0.014230489730834961,0
26,7,1,6.72,6.72,6.72,6.79,6.79,6.79,0.9990968704223633,0.038033246994018555,0.007379293441772461,0.003995180130004883,0.0168304443359375,0.0166475772857666,0
27,17,2,9.21,9.21,9.26,9.36,10.46,9.59,0.991443395614624,0.3051929473876953,0.314741849899292,0.02291083335876465,0.02758646011352539,0.027836084365844727,0
28,20,2,20.0,20.0,20.32,23.32,24.16,22.37,0.9996583461761475,0.3031926155090332,0.312161922454834,0.02961421012878418,0.014874935150146484,0.051836252212524414,0
29,4,1,3.6,3.6,3.6,3.6,3.73,3.6,0.994295597076416,0.015259265899658203,0.0040187835693359375,0.003995180130004883,0.016463279724121094,0.016471147537231445,0
30,8,1,5.12,5.24,5.24,5.24,5.12,5.24,0.9984464645385742,0.07456111907958984,0.013023138046264648,0.0015301704406738281,0.0,0.007074832916259766,0
31,15,2,21.74,23.81,23.81,26.8,30.61,27.81,1.0014796257019043,0.32957935333251953,0.035120248794555664,0.022970914840698242,0.002528667449951172,0.023730754852294922,0
33,7,1,3.02,3.02,3.02,3.02,3.03,3.03,1.0094232559204102,0.05044698715209961,0.0011000633239746094,0.015216588973999023,0.004019260406494141,0.011447906494140625,0
34,12,1,4.81,4.81,4.81,4.81,4.91,4.81,1.0157198905944824,0.20419025421142578,0.015247344970703125,0.030843257904052734,0.023155927658081055,0.0,0
35,23,2,9.5,9.5,10.18,10.41,11.87,11.14,1.0027024745941162,0.3095567226409912,0.30115437507629395,0.08280825614929199,0.03245949745178223,0.044576168060302734,0
36,1,1,0.69,0.69,0.69,0.69,0.69,0.69,0.0,0.0,0.0,0.003000497817993164,0.0,0.0010006427764892578,0
37,7,1,11.8,11.8,11.8,15.64,11.8,15.64,1.0016653537750244,0.05559945106506348,0.003994941711425781,0.005248546600341797,0.0,0.006136178970336914,0
38,6,1,9.43,9.43,9.43,9.43,17.31,9.43,0.9963381290435791,0.026827096939086914,0.0,0.004132747650146484,0.016864776611328125,0.016264915466308594,0
40,2,1,2.09,2.09,2.09,4.18,2.09,2.09,0.9985270500183105,0.0,0.007085084915161133,0.0013544559478759766,0.0,0.013713359832763672,0
41,14,1,5.0,5.1,5.1,5.1,5.41,5.2,1.0098450183868408,0.22507214546203613,0.03510713577270508,0.02484130859375,0.0,0.028723955154418945,0
42,8,1,2.53,2.53,2.53,2.53,2.62,2.62,0.9948811531066895,0.07375454902648926,0.011548757553100586,0.011936426162719727,0.014660358428955078,0.0308382511138916,0
43,10,1,5.36,5.58,5.36,6.4,6.53,7.49,1.0086617469787598,0.04396653175354004,0.001955747604370117,0.016242504119873047,0.007819652557373047,0.012547969818115234,0
44,10,1,6.76,6.76,6.76,6.76,7.54,6.76,1.0034239292144775,0.0880424976348877,0.001997709274291992,0.017468690872192383,0.017479419708251953,0.0,0
46,7,1,2.51,2.51,2.51,2.53,2.54,2.54,0.9986927509307861,0.03637838363647461,0.0,0.009407758712768555,0.013467550277709961,0.0,0
47,12,1,6.21,6.21,7.68,7.31,8.09,10.46,1.0008525848388672,0.02673482894897461,0.0,0.013412952423095703,0.0018124580383300781,0.016013622283935547,0
48,18,2,6.25,6.25,6.25,6.27,6.57,8.34,0.9917118549346924,0.30136871337890625,0.31740236282348633,0.042345285415649414,0.031221628189086914,0.06782126426696777,0
49,10,1,3.84,3.84,3.84,3.88,4.04,3.85,0.9914906024932861,0.13274192810058594,0.04105949401855469,0.018522977828979492,0.012999296188354492,0.03387880325317383,0
50,4,1,3.28,3.28,3.28,3.28,3.32,3.28,1.001755952835083,0.01239919662475586,0.004003763198852539,0.009047508239746094,0.008959054946899414,0.018491506576538086,0
51,18,2,7.1,7.31,7.17,8.34,8.18,9.53,1.0028936862945557,0.30330467224121094,0.16170310974121094,0.057531118392944336,0.026366710662841797,0.03299736976623535,0
52,10,1,3.54,3.54,3.54,3.6,4.13,4.13,1.0018227100372314,0.12067794799804688,0.010474920272827148,0.016999244689941406,0.017255544662475586,0.03471255302429199,0
53,8,1,1.8,1.8,1.8,1.81,1.84,1.83,1.0006506443023682,0.08562493324279785,0.00500178337097168,0.009563446044921875,0.009001970291137695,0.02875828742980957,0
54,16,2,5.8,5.8,5.8,8.25,6.71,8.25,1.0018494129180908,0.31459784507751465,0.22658228874206543,0.039798736572265625,0.022266864776611328,0.031187057495117188,0
55,19,2,8.5,9.32,9.32,12.1,9.77,8.93,1.0013368129730225,0.357649564743042,0.30896711349487305,0.052124738693237305,0.04006457328796387,0.05485415458679199,0
56,7,1,2.34,2.34,2.34,2.42,2.42,2.42,1.0017423629760742,0.053939104080200195,0.005791664123535156,0.013001203536987305,0.014091253280639648,0.02635359764099121,0
57,20,2,11.13,11.13,11.13,13.09,13.77,11.7,1.0036506652832031,0.30209851264953613,0.30219268798828125,0.05825400352478027,0.03029608726501465,0.032970428466796875,0
58,11,1,4.57,4.57,4.57,4.57,5.07,6.57,1.0024337768554688,0.07931280136108398,0.00799560546875,0.0070056915283203125,0.016307592391967773,0.04350471496582031,0
59,7,1,11.4,11.4,11.4,11.43,11.62,11.62,0.9997673034667969,0.04888796806335449,0.01678323745727539,0.0,0.01663494110107422,0.016918420791625977,0
60,4,1,11.89,11.89,11.89,11.89,11.94,11.89,1.0024957656860352,0.01662921905517578,0.0,0.016369342803955078,0.011531591415405273,0.019240617752075195,0
61,20,2,11.18,11.18,11.74,12.59,12.35,12.65,0.999732255935669,0.31592726707458496,0.3008902072906494,0.06591916084289551,0.03414273262023926,0.04981684684753418,0
62,1,1,0.63,0.63,0.63,0.63,0.63,0.63,0.0,0.0,0.0,0.0,0.0,0.0,0
63,13,1,9.61,9.62,10.18,12.52,9.83,14.33,1.0006370544433594,0.09894585609436035,0.007114410400390625,0.021397829055786133,0.016582727432250977,0.033342599868774414,0
64,8,1,6.62,6.62,6.62,6.64,7.65,7.65,1.0066416263580322,0.09755349159240723,0.012619256973266602,0.0065059661865234375,0.005000114440917969,0.02808856964111328,0
65,21,2,8.48,8.48,9.58,10.44,11.82,9.07,1.0022578239440918,0.31919264793395996,0.30844783782958984,0.10094141960144043,0.0009562969207763672,0.015000343322753906,0
66,28,3,10.33,10.81,10.71,11.88,14.0,12.69,1.0018072128295898,0.7042431831359863,0.30481767654418945,0.18229126930236816,0.058594465255737305,0.04288053512573242,0
67,15,1,4.9,4.9,5.21,5.39,6.15,7.64,1.0124115943908691,0.3143298625946045,0.008615255355834961,0.03164339065551758,0.008052825927734375,0.013180732727050781,0
68,5,1,11.66,11.66,11.66,11.79,11.91,11.86,1.0026233196258545,0.03196382522583008,0.02162623405456543,0.013775110244750977,0.009129047393798828,0.018503189086914062,0
69,5,1,11.44,11.44,11.44,11.57,11.54,11.6,1.002331018447876,0.015011310577392578,0.0030045509338378906,0.006996870040893555,0.004128932952880859,0.01371002197265625,0
70,14,1,4.78,4.78,4.78,4.78,7.15,7.15,1.009920358657837,0.20145201683044434,0.03784990310668945,0.02219367027282715,0.019160747528076172,0.02962327003479004,0
71,5,1,4.22,4.22,4.22,4.22,4.22,4.22,1.001570463180542,0.034759521484375,0.003000020980834961,0.006006479263305664,0.011333465576171875,0.02335333824157715,0
72,10,1,5.46,5.46,5.46,5.49,5.51,5.51,1.012171745300293,0.15416979789733887,0.015964746475219727,0.00708460807800293,0.015560626983642578,0.032180070877075195,0
73,17,2,4.54,4.54,5.31,4.54,5.71,5.92,1.0027391910552979,0.3086371421813965,0.3001832962036133,0.04453301429748535,0.024016380310058594,0.03538703918457031,0
74,9,1,5.23,5.23,5.23,5.33,7.12,6.15,1.0156772136688232,0.12408900260925293,0.015872955322265625,0.01447606086730957,0.027379751205444336,0.025638580322265625,0
75,14,1,5.59,5.59,5.59,5.65,5.82,5.8,0.995546817779541,0.2258448600769043,0.005995988845825195,0.013064384460449219,0.02004218101501465,0.03995466232299805,0
76,11,1,10.98,10.98,10.98,10.98,15.57,15.55,0.9981570243835449,0.15669894218444824,0.02209758758544922,0.014846563339233398,0.01673293113708496,0.0236051082611084,0
77,10,1,9.08,9.08,9.08,9.72,12.86,11.53,1.0117955207824707,0.1590406894683838,0.007669210433959961,0.01678466796875,0.0072290897369384766,0.016054391860961914,0
78,15,2,5.73,5.84,5.94,7.88,8.16,8.2,1.0028157234191895,0.27329158782958984,0.07339596748352051,0.0363001823425293,0.010961294174194336,0.038858890533447266,0
79,2,1,0.39,0.39,0.39,0.39,0.39,0.39,0.9998018741607666,0.0010347366333007812,0.0,0.0,0.0017578601837158203,0.029981613159179688,0
80,8,1,5.85,5.85,5.85,6.06,5.92,5.92,1.0132958889007568,0.07929849624633789,0.012959718704223633,0.005399227142333984,0.018038511276245117,0.025806188583374023,0
81,14,2,6.93,6.95,6.95,7.55,6.99,8.46,1.0014877319335938,0.27661561965942383,0.09726953506469727,0.0321047306060791,0.015912532806396484,0.04116320610046387,0
82,14,1,4.72,4.72,4.72,4.72,4.91,4.77,1.0019426345825195,0.2691171169281006,0.014492034912109375,0.03333163261413574,0.016527175903320312,0.02985668182373047,0
83,13,2,7.14,7.14,7.14,7.67,7.14,10.54,1.0098960399627686,0.3002810478210449,0.09940195083618164,0.01967144012451172,0.0,0.019618511199951172,0
84,4,1,9.04,9.04,9.04,9.04,9.41,9.04,1.0002827644348145,0.0,0.01655411720275879,0.0,0.0,0.017124414443969727,0
85,13,1,5.46,5.48,6.0,6.05,7.87,7.42,1.005995512008667,0.2076718807220459,0.031623125076293945,0.018170833587646484,0.016997575759887695,0.03341269493103027,0
86,13,2,5.41,5.41,5.41,5.55,6.48,6.49,1.0056672096252441,0.30342698097229004,0.24657821655273438,0.02527904510498047,0.010335922241210938,0.018883705139160156,0
87,11,1,11.33,11.33,11.33,11.38,11.61,11.66,0.9998135566711426,0.09281325340270996,0.006947517395019531,0.010040044784545898,0.0,0.0,0
88,9,1,6.58,6.58,7.22,7.39,7.34,10.09,0.9871232509613037,0.04729938507080078,0.0,0.01589798927307129,0.02152419090270996,0.0008556842803955078,0
89,6,1,3.78,3.78,3.78,3.81,3.84,3.81,0.9985325336456299,0.016952991485595703,0.0,0.0,0.0,0.01802372932434082,0
90,14,1,11.43,11.68,13.54,12.71,14.47,16.41,0.9997000694274902,0.03451681137084961,0.0,0.0157620906829834,0.016742229461669922,0.0,0
91,39,4,13.69,14.66,14.41,20.49,23.13,20.32,0.9999144077301025,0.38407254219055176,0.3001723289489746,0.08221268653869629,0.016301393508911133,0.017718076705932617,0
92,16,2,5.67,5.67,5.67,6.66,6.86,7.39,1.0149774551391602,0.21756887435913086,0.04796648025512695,0.018201828002929688,0.017635583877563477,0.0,0
93,16,2,4.27,4.27,4.27,4.85,4.68,4.84,0.9996638298034668,0.14995431900024414,0.1013941764831543,0.0,0.0,0.015614032745361328,0
94,5,1,7.64,7.64,7.64,7.74,8.09,7.72,1.0018255710601807,0.015447616577148438,0.0,0.0,0.0,0.0,0
95,14,1,4.75,4.75,4.75,4.75,7.21,6.45,0.9998471736907959,0.11612319946289062,0.01700758934020996,0.0,0.0,0.015587806701660156,0
96,13,1,4.23,4.23,4.44,4.45,4.52,6.09,0.9976239204406738,0.08559513092041016,0.0,0.0,0.016367673873901367,0.01690220832824707,0
97,2,1,15.29,15.29,15.29,15.29,15.29,15.29,0.9941725730895996,0.0,0.0020110607147216797,0.0,0.0,0.009679317474365234,0
98,27,2,8.41,8.49,8.61,9.68,9.6,10.07,1.0075511932373047,0.30493998527526855,0.2042093276977539,0.02435779571533203,0.017790555953979492,0.0095062255859375,0
99,5,1,4.97,4.97,4.97,4.97,9.09,13.2,0.994105339050293,0.01535177230834961,0.0,0.007619619369506836,0.015593290328979492,0.0,0
100,11,1,7.03,7.03,7.03,7.08,7.58,7.27,1.013526201248169,0.0443267822265625,0.007616758346557617,0.0,0.01022028923034668,0.0,0
101,13,1,18.03,18.03,18.03,18.03,18.28,18.65,1.0055270195007324,0.10644865036010742,0.00904536247253418,0.010065555572509766,0.0,0.0013914108276367188,0
102,7,1,1.65,1.65,1.65,1.65,1.78,1.65,0.9993202686309814,0.019730567932128906,0.0023679733276367188,0.0,0.0,0.009290456771850586,0
103,10,1,4.6,4.6,4.6,5.03,5.21,5.23,1.0033981800079346,0.0399174690246582,0.01025700569152832,0.008318424224853516,0.0,0.004268169403076172,0
104,11,1,4.42,4.42,4.48,4.52,4.75,4.77,0.9999451637268066,0.043767690658569336,0.0,0.0070037841796875,0.0,0.0,0
105,2,1,11.25,11.25,11.25,11.25,11.25,11.25,1.0003769397735596,0.0,0.0,0.0,0.0012440681457519531,0.014004945755004883,0
106,24,2,12.65,12.72,12.69,14.49,14.91,13.45,0.9962241649627686,0.3521292209625244,0.20407748222351074,0.02181243896484375,0.009539604187011719,0.01660323143005371,0
107,5,1,8.59,8.59,8.59,9.06,8.99,10.21,1.0052011013031006,0.0021278858184814453,0.0,0.0,0.009943008422851562,0.0,0
108,5,1,3.65,3.65,3.65,3.65,3.68,3.68,1.0047845840454102,0.01569652557373047,0.0009860992431640625,0.0,0.0,0.01211094856262207,0
109,16,2,6.28,6.28,6.35,6.44,7.44,6.74,1.0052170753479004,0.14745783805847168,0.06715273857116699,0.02656078338623047,0.0,0.0,0
110,6,1,6.08,6.67,6.67,6.33,8.99,8.97,0.9997010231018066,0.009417057037353516,0.0,0.007166147232055664,0.009960174560546875,0.0,0
111,7,1,4.27,4.27,4.29,4.42,4.41,4.42,0.9994215965270996,0.01869797706604004,0.0,0.0041506290435791016,0.0,0.0071756839752197266,0
112,17,2,6.56,6.56,6.57,12.51,8.13,7.39,1.0025334358215332,0.31543827056884766,0.08347940444946289,0.016660451889038086,0.01157999038696289,0.014957904815673828,0
113,16,2,4.26,4.26,4.34,4.71,4.39,4.96,1.000209093093872,0.21682047843933105,0.10543608665466309,0.02113509178161621,0.010469198226928711,0.005436420440673828,0
115,12,1,5.94,5.94,5.94,6.06,8.22,7.53,1.001091480255127,0.08046913146972656,0.013645648956298828,0.008625984191894531,0.004096031188964844,0.007016897201538086,0
116,5,1,3.57,3.57,3.57,3.57,3.59,3.57,0.9927198886871338,0.0,0.010524272918701172,0.0020902156829833984,0.0,0.014394283294677734,0
117,19,2,7.54,8.23,9.23,11.97,8.73,11.28,1.0155673027038574,0.3137543201446533,0.05093264579772949,0.0,0.018302202224731445,0.0,0
119,2,1,2.41,2.41,2.41,2.41,2.41,2.41,1.0069901943206787,0.0,0.0,0.0,0.0020029544830322266,0.0040090084075927734,0
120,4,1,9.06,9.06,9.06,9.79,9.79,9.79,0.9962515830993652,0.01613450050354004,0.0,0.0,0.015669822692871094,0.0,0
121,11,1,5.31,5.31,5.34,5.34,5.57,5.56,1.002692461013794,0.03607773780822754,0.0,0.015131711959838867,0.0,0.0,0
122,17,2,3.84,3.84,3.84,3.84,4.08,4.65,1.0095605850219727,0.23050308227539062,0.12128758430480957,0.0,0.0,0.0065555572509765625,0
123,7,1,4.9,4.9,4.9,4.9,4.9,4.9,1.0038244724273682,0.01599717140197754,0.0,0.0,0.0,0.014167070388793945,0
124,34,3,9.62,9.67,10.42,10.67,11.9,11.61,1.000302791595459,0.3292670249938965,0.3003270626068115,0.03147697448730469,0.009080648422241211,0.022965669631958008,0
125,10,1,11.61,11.61,11.61,11.71,11.78,11.75,1.0027427673339844,0.058509111404418945,0.0031185150146484375,0.014661788940429688,0.0020029544830322266,0.008033514022827148,0
126,15,2,6.47,6.47,6.47,6.6,6.69,6.66,1.015399694442749,0.1823875904083252,0.08246922492980957,0.0,0.0,0.0,0
127,12,1,5.46,5.46,5.46,5.47,7.35,6.35,0.9999215602874756,0.055994272232055664,0.0,0.015941619873046875,0.0,0.00993490219116211,0
128,8,1,5.42,5.42,5.42,5.52,5.83,5.77,0.9994320869445801,0.013016700744628906,0.016427278518676758,0.0,0.015803813934326172,0.0,0
129,10,1,7.76,7.76,7.76,7.95,10.6,7.99,0.9990999698638916,0.052245140075683594,0.0,0.014049530029296875,0.01514577865600586,0.0,0
130,1,1,0.02,0.02,0.02,0.02,0.02,0.02,0.0,0.0,0.0,0.0,0.0,0.0,0
131,3,1,3.68,3.68,6.66,7.36,3.68,3.68,1.0024807453155518,0.0,0.0,0.0,0.016129493713378906,0.0,0
132,5,1,3.32,3.39,3.39,3.66,3.32,3.88,1.0134074687957764,0.008775711059570312,0.0,0.0,0.0,0.002006053924560547,0
133,16,2,4.42,4.42,4.42,4.47,4.57,12.65,0.9979932308197021,0.3676135540008545,0.1024634838104248,0.0037081241607666016,0.0,0.016131877899169922,0
134,9,1,3.73,3.73,3.73,4.51,4.67,4.67,0.9998588562011719,0.031260013580322266,0.0027458667755126953,0.0,0.0,0.01672816276550293,0
135,21,2,7.99,7.99,8.72,8.91,9.32,8.94,1.0055768489837646,0.3019676208496094,0.17503094673156738,0.016015291213989258,0.0,0.019655942916870117,0
136,8,1,5.86,5.86,5.86,5.9,7.53,6.6,1.0100479125976562,0.03157639503479004,0.0,0.0,0.0,0.007153034210205078,0
137,9,1,9.95,9.95,9.95,9.95,9.98,9.95,0.9929697513580322,0.047597408294677734,0.0,0.009018421173095703,0.01598334312438965,0.0,0
138,9,1,2.31,2.31,2.31,2.31,2.31,2.31,0.9986331462860107,0.042925357818603516,0.004666805267333984,0.0,0.015729904174804688,0.0,0
139,9,1,3.77,3.77,3.77,3.77,4.33,4.61,1.011216402053833,0.05185985565185547,0.0,0.0,0.007480621337890625,0.00400853157043457,0
140,9,1,6.17,6.17,8.16,6.98,6.89,10.86,1.001828670501709,0.016058921813964844,0.0,0.01589035987854004,0.0038688182830810547,0.0113372802734375,0
141,12,1,5.3,5.3,5.48,5.74,5.7,5.59,0.994154691696167,0.05174422264099121,0.0,0.011385917663574219,0.01572585105895996,0.0,0
142,1,1,0.56,0.56,0.56,0.56,0.56,0.56,0.0,0.0,0.0,0.0,0.0,0.0,0
143,23,2,10.18,10.18,10.2,11.16,14.16,16.7,0.9981822967529297,0.3145139217376709,0.14186549186706543,0.03160738945007324,0.0,0.015789031982421875,0
144,12,1,8.59,8.59,10.45,8.87,11.55,11.82,0.9934654235839844,0.049317359924316406,0.0074846744537353516,0.0,0.0,0.015990495681762695,0
145,7,1,3.43,3.43,3.43,3.49,3.43,3.43,0.9986486434936523,0.016421079635620117,0.0,0.0162351131439209,0.0,0.0,0
146,12,1,8.72,8.72,8.72,8.94,9.86,9.49,0.9991364479064941,0.07152175903320312,0.0,0.0,0.015657424926757812,0.01549983024597168,0
147,18,2,6.54,6.89,8.18,8.53,7.2,16.16,0.9935660362243652,0.31008267402648926,0.03934645652770996,0.0438687801361084,0.015866756439208984,0.014047384262084961,0
148,15,2,7.49,8.06,8.06,8.78,7.5,10.38,1.0028109550476074,0.1188211441040039,0.035134077072143555,0.0,0.01631450653076172,0.033304691314697266,0
149,18,2,7.47,7.47,7.47,7.72,8.72,8.68,1.000013828277588,0.316845178604126,0.32973146438598633,0.05011749267578125,0.01768970489501953,0.035186052322387695,0
150,6,1,4.92,4.92,4.92,4.92,5.03,5.03,0.9998776912689209,0.030765771865844727,0.0,0.016738414764404297,0.018174409866333008,0.015568256378173828,0
151,7,1,5.08,5.08,5.9,6.23,6.3,6.3,1.0020520687103271,0.020695209503173828,0.012052536010742188,0.0038437843322753906,0.0039975643157958984,0.017444849014282227,0
152,22,2,4.52,4.52,4.83,4.81,5.1,4.67,1.0103051662445068,0.35671567916870117,0.30907130241394043,0.03385782241821289,0.01698589324951172,0.032053470611572266,0
153,17,2,5.49,5.8,5.8,5.8,6.38,6.76,0.9995150566101074,0.30287671089172363,0.3162722587585449,0.03255438804626465,0.016062259674072266,0.03595924377441406,0
155,2,1,0.75,0.75,0.75,0.75,0.75,0.75,1.0017797946929932,0.0,0.0,0.01617145538330078,0.004000425338745117,0.0049953460693359375,0
156,8,1,4.64,4.64,4.64,4.66,4.72,4.75,1.0071158409118652,0.06468605995178223,0.016347169876098633,0.0,0.0,0.018543004989624023,0
157,10,1,10.35,10.35,10.35,10.41,11.69,11.45,1.003603458404541,0.06978321075439453,0.0,0.03275418281555176,0.016855716705322266,0.012632131576538086,0
158,5,1,9.26,9.26,9.26,9.33,9.33,9.33,0.9980838298797607,0.029503345489501953,0.002108335494995117,0.0009198188781738281,0.0,0.017471790313720703,0
159,15,1,17.62,17.74,18.69,17.82,19.34,26.48,1.0004212856292725,0.13314390182495117,0.018617868423461914,0.014117956161499023,0.029266834259033203,0.03726506233215332,0
160,16,2,7.0,7.26,7.3,7.45,8.45,8.28,0.9930319786071777,0.311415433883667,0.3063499927520752,0.02261805534362793,0.016424179077148438,0.05005216598510742,0
161,8,1,5.63,5.63,5.63,5.74,5.88,5.86,1.0003507137298584,0.06712079048156738,0.01478433609008789,0.0,0.0,0.032859086990356445,0
162,19,2,7.48,7.48,7.55,7.79,8.24,9.12,1.0020484924316406,0.30593061447143555,0.3116488456726074,0.0479741096496582,0.016830921173095703,0.0333254337310791,0
163,13,1,5.44,5.52,6.33,6.52,7.07,7.89,1.0006732940673828,0.08979940414428711,0.0,0.030178070068359375,0.011415719985961914,0.03790569305419922,0
164,11,1,20.88,21.58,21.95,23.51,23.37,24.76,0.9994275569915771,0.11527609825134277,0.001386880874633789,0.01755380630493164,0.009587526321411133,0.024058103561401367,0
165,3,1,1.78,1.78,1.78,1.78,1.84,1.84,1.0069749355316162,0.008738994598388672,0.0006277561187744141,0.0,0.013140678405761719,0.01441502571105957,0
166,1,1,2.51,2.51,2.51,2.51,2.51,2.51,0.0,0.0,0.0,0.003171682357788086,0.0,0.0,0
167,28,2,11.08,11.03,12.19,13.44,14.5,12.64,1.0056564807891846,0.37699079513549805,0.35527873039245605,0.12811851501464844,0.04938769340515137,0.0453495979309082,0
168,1,1,0.2,0.2,0.2,0.2,0.2,0.2,0.0,0.0,0.0,0.0071446895599365234,0.0,0.0,0
169,13,1,3.32,3.32,3.32,3.32,3.52,3.32,1.012718677520752,0.1534261703491211,0.01447439193725586,0.019092559814453125,0.011852741241455078,0.023218154907226562,0
170,8,1,5.13,5.13,5.13,5.13,5.18,5.15,0.9986960887908936,0.03179359436035156,0.016062021255493164,0.017334699630737305,0.017481088638305664,0.01661205291748047,0
171,7,1,3.46,3.46,3.46,3.46,3.91,3.54,1.010286569595337,0.02352619171142578,0.016370773315429688,0.0,0.0,0.005074501037597656,0
172,13,1,5.12,5.12,5.12,5.15,5.71,6.56,0.9993386268615723,0.16759490966796875,0.01595282554626465,0.017147064208984375,0.029287099838256836,0.05289888381958008,0
173,22,2,5.29,6.19,5.77,7.42,7.82,7.63,1.0110259056091309,0.31580305099487305,0.3008852005004883,0.04874992370605469,0.03326058387756348,0.021654605865478516,0
174,11,1,6.75,6.75,6.75,6.9,6.95,7.03,1.0040605068206787,0.1163482666015625,0.01595902442932129,0.0047359466552734375,0.0,0.025304079055786133,0
175,7,1,2.86,2.86,2.86,2.86,2.95,2.86,0.9990930557250977,0.03134894371032715,0.0,0.0,0.01617288589477539,0.01742243766784668,0
176,5,1,4.42,4.42,4.42,4.53,4.45,4.56,0.9994516372680664,0.016721487045288086,0.015733003616333008,0.008210420608520508,0.013500452041625977,0.013916730880737305,0
177,25,2,9.64,10.02,12.02,11.43,11.41,12.5,1.0142810344696045,0.3132615089416504,0.24922943115234375,0.15096759796142578,0.016966581344604492,0.05065488815307617,0
178,11,1,4.01,4.01,4.07,4.1,4.02,4.2,1.000631332397461,0.21634602546691895,0.0,0.018977880477905273,0.017184019088745117,0.013184547424316406,0
179,3,1,1.36,1.36,1.45,1.36,1.45,1.45,1.0006399154663086,0.0,0.0,0.0,0.0,0.016016244888305664,0
180,4,1,4.71,4.71,4.71,4.74,4.87,4.74,0.9916369915008545,0.01697087287902832,0.0,0.008315563201904297,0.002422332763671875,0.032360076904296875,0
181,11,1,2.96,2.96,2.96,2.96,3.01,3.01,0.9953391551971436,0.1442732810974121,0.023097753524780273,0.019939661026000977,0.01116180419921875,0.03905153274536133,0
182,9,1,8.32,8.32,8.32,8.33,8.9,8.32,0.9910171031951904,0.04777240753173828,0.0035202503204345703,0.0060231685638427734,0.016275882720947266,0.033040761947631836,0
183,2,1,2.05,2.05,2.05,2.05,2.05,2.05,0.9905633926391602,0.002997875213623047,0.0009996891021728516,0.003001689910888672,0.016153812408447266,0.01709747314453125,0
184,6,1,3.06,3.06,3.06,3.1,3.35,3.06,1.0003643035888672,0.020999670028686523,0.001999378204345703,0.007000446319580078,0.015614509582519531,0.017914772033691406,0
185,10,1,4.15,4.15,4.15,4.16,4.52,4.43,1.0002655982971191,0.08346128463745117,0.016632556915283203,0.016816377639770508,0.0014755725860595703,0.0260469913482666,0
186,13,1,5.6,5.6,5.81,5.65,7.34,5.89,1.0010392665863037,0.10107946395874023,0.009002447128295898,0.012645244598388672,0.017096996307373047,0.03122425079345703,0
187,12,1,3.02,3.02,3.39,4.3,3.02,5.43,1.0131609439849854,0.17688751220703125,0.006609678268432617,0.0015256404876708984,0.017335176467895508,0.018774032592773438,0
188,4,1,7.43,7.43,7.43,7.46,7.53,7.46,1.0138609409332275,0.0169525146484375,0.0,0.0,0.0030040740966796875,0.011996269226074219,0
189,3,1,1.36,1.36,1.36,1.36,1.36,1.36,1.0152463912963867,0.0,0.0,0.0,0.0,0.0180361270904541,0
190,9,1,6.2,6.2,6.2,6.26,6.35,6.35,0.9996659755706787,0.12394213676452637,0.0,0.016584157943725586,0.016644954681396484,0.016470909118652344,0
191,6,1,4.84,4.84,4.84,4.84,8.53,10.06,0.9997777938842773,0.037065744400024414,0.005011320114135742,0.007569789886474609,0.0,0.016599178314208984,0
192,9,1,2.63,2.63,2.63,2.68,3.07,2.71,1.0046310424804688,0.08260083198547363,0.016164779663085938,0.01576852798461914,0.01019287109375,0.03575563430786133,0
193,1,1,1.4,1.4,1.4,1.4,1.4,1.4,0.0,0.0,0.0,0.0,0.0,0.01595330238342285,0
194,10,1,5.49,5.49,5.49,7.36,6.46,8.3,1.0002281665802002,0.06487870216369629,0.0,0.016205549240112305,0.01610398292541504,0.016104936599731445,0
195,6,1,6.67,6.67,6.67,6.77,7.72,6.81,0.9981803894042969,0.048003435134887695,0.0,0.0,0.02234649658203125,0.020534992218017578,0
196,2,1,4.17,4.17,4.17,4.17,4.17,4.17,0.9985711574554443,0.0,0.0,0.01602625846862793,0.015931367874145508,0.01571059226989746,0
197,9,1,4.25,4.25,4.25,4.25,5.03,4.27,1.0012836456298828,0.07573056221008301,0.01503753662109375,0.01793837547302246,0.015354633331298828,0.01963019371032715,0
198,4,1,3.3,3.3,3.3,3.3,3.33,3.3,1.0023725032806396,0.008208990097045898,0.0,0.002080202102661133,0.008046627044677734,0.021813631057739258,0
199,5,1,4.92,4.92,4.92,4.92,4.92,4.92,1.0012617111206055,0.011312246322631836,0.014941215515136719,0.007110595703125,0.010551691055297852,0.016783952713012695,0
200,7,1,3.41,3.41,3.41,3.41,3.53,3.41,1.0025358200073242,0.04277396202087402,0.005026102066040039,0.00994253158569336,0.0,0.0056607723236083984,0
