depots,customers,vehicles,capacity,hq_dist_km,exact_dist_km,qpso_dist_km,ga_dist_km,hq_vs_exact_pct,hq_time_s,exact_time_s,qpso_time_s,ga_time_s,speedup_vs_exact,hq_violations,exact_violations
2,80,10,35,408.59,401.87,449.0,454.52,1.67,3.01,6.02,1.55,0.88,2.0,0,0
3,80,10,35,413.16,412.82,447.77,482.81,0.08,3.54,9.0,1.58,0.82,2.5,0,0
4,80,10,35,380.66,379.07,419.31,431.48,0.42,3.64,12.01,1.66,0.87,3.3,0,0
5,80,10,35,380.66,379.07,419.64,429.54,0.42,3.65,12.0,1.53,0.91,3.3,0,0
6,80,10,35,407.81,404.68,441.64,475.22,0.77,3.72,15.01,1.14,0.53,4.0,0,0
7,80,10,35,413.45,410.31,434.19,474.4,0.77,3.42,15.01,0.91,0.48,4.4,0,0
8,80,10,35,427.67,427.25,455.73,481.85,0.1,2.38,18.01,0.86,0.48,7.6,0,0
9,80,10,35,438.17,349.36,469.73,496.65,25.42,1.69,24.01,0.99,0.47,14.2,2,0
10,80,10,35,430.2,276.74,460.88,489.19,55.45,1.22,27.01,1.93,1.17,22.1,10,0
